column_name,measure,value_2020_2,value_2021_1,values_equal
CensusHouseholdCount1991,data_type,int,int,TRUE
CensusHouseholdCount1991,null_count,0,0,TRUE
CensusHouseholdCount1991,distinct_values,132,132,TRUE
CensusHouseholdCount1991,minimum_value,0,0,TRUE
CensusHouseholdCount1991,maximum_value,195,195,TRUE
CensusHouseholdCount2001,data_type,int,int,TRUE
CensusHouseholdCount2001,null_count,0,0,TRUE
CensusHouseholdCount2001,distinct_values,109,109,TRUE
CensusHouseholdCount2001,minimum_value,0,0,TRUE
CensusHouseholdCount2001,maximum_value,238,238,TRUE
CensusHouseholdCount2011,data_type,int,int,TRUE
CensusHouseholdCount2011,null_count,0,0,TRUE
CensusHouseholdCount2011,distinct_values,101,101,TRUE
CensusHouseholdCount2011,minimum_value,0,0,TRUE
CensusHouseholdCount2011,maximum_value,102,102,TRUE
CensusPopulationCount1991,data_type,int,int,TRUE
CensusPopulationCount1991,null_count,0,0,TRUE
CensusPopulationCount1991,distinct_values,325,325,TRUE
CensusPopulationCount1991,minimum_value,0,0,TRUE
CensusPopulationCount1991,maximum_value,773,773,TRUE
CensusPopulationCount2001,data_type,int,int,TRUE
CensusPopulationCount2001,null_count,0,0,TRUE
CensusPopulationCount2001,distinct_values,311,311,TRUE
CensusPopulationCount2001,minimum_value,0,0,TRUE
CensusPopulationCount2001,maximum_value,2292,2292,TRUE
CensusPopulationCount2011,data_type,int,int,TRUE
CensusPopulationCount2011,null_count,0,0,TRUE
CensusPopulationCount2011,distinct_values,324,324,TRUE
CensusPopulationCount2011,minimum_value,0,0,TRUE
CensusPopulationCount2011,maximum_value,1956,1956,TRUE
CivilParish1930Code,data_type,char(9),char(9),TRUE
CivilParish1930Code,null_count,0,0,TRUE
CivilParish1930Code,distinct_values,861,861,TRUE
CivilParish1930Code,minimum_value,S35000001,S35000001,TRUE
CivilParish1930Code,maximum_value,S35000871,S35000871,TRUE
CommunityHealthPartnership2007,data_type,char(9),char(9),TRUE
CommunityHealthPartnership2007,null_count,224174,224827,FALSE
CommunityHealthPartnership2007,distinct_values,0,0,TRUE
CommunityHealthPartnership2007,minimum_value,NULL,NULL,TRUE
CommunityHealthPartnership2007,maximum_value,NULL,NULL,TRUE
CommunityHealthPartnership2011,data_type,char(9),char(9),TRUE
CommunityHealthPartnership2011,null_count,224174,224827,FALSE
CommunityHealthPartnership2011,distinct_values,0,0,TRUE
CommunityHealthPartnership2011,minimum_value,NULL,NULL,TRUE
CommunityHealthPartnership2011,maximum_value,NULL,NULL,TRUE
CommunityHealthPartnership2012,data_type,char(9),char(9),TRUE
CommunityHealthPartnership2012,null_count,224174,224827,FALSE
CommunityHealthPartnership2012,distinct_values,0,0,TRUE
CommunityHealthPartnership2012,minimum_value,NULL,NULL,TRUE
CommunityHealthPartnership2012,maximum_value,NULL,NULL,TRUE
CommunityHealthPartnershipSA2011,data_type,char(9),char(9),TRUE
CommunityHealthPartnershipSA2011,null_count,224174,224827,FALSE
CommunityHealthPartnershipSA2011,distinct_values,0,0,TRUE
CommunityHealthPartnershipSA2011,minimum_value,NULL,NULL,TRUE
CommunityHealthPartnershipSA2011,maximum_value,NULL,NULL,TRUE
CouncilArea2011Code,data_type,char(9),char(9),TRUE
CouncilArea2011Code,null_count,224174,224827,FALSE
CouncilArea2011Code,distinct_values,0,0,TRUE
CouncilArea2011Code,minimum_value,NULL,NULL,TRUE
CouncilArea2011Code,maximum_value,NULL,NULL,TRUE
CouncilArea2018Code,data_type,char(9),char(9),TRUE
CouncilArea2018Code,null_count,224174,224827,FALSE
CouncilArea2018Code,distinct_values,0,0,TRUE
CouncilArea2018Code,minimum_value,NULL,NULL,TRUE
CouncilArea2018Code,maximum_value,NULL,NULL,TRUE
CouncilArea2019Code,data_type,char(9),char(9),TRUE
CouncilArea2019Code,null_count,0,0,TRUE
CouncilArea2019Code,distinct_values,32,32,TRUE
CouncilArea2019Code,minimum_value,S12000005,S12000005,TRUE
CouncilArea2019Code,maximum_value,S12000050,S12000050,TRUE
DataZone2001Code,data_type,char(9),char(9),TRUE
DataZone2001Code,null_count,0,0,TRUE
DataZone2001Code,distinct_values,6500,6500,TRUE
DataZone2001Code,minimum_value,S01000001,S01000001,TRUE
DataZone2001Code,maximum_value,S01006505,S01006505,TRUE
DataZone2011Code,data_type,char(9),char(9),TRUE
DataZone2011Code,null_count,0,0,TRUE
DataZone2011Code,distinct_values,6976,6976,TRUE
DataZone2011Code,minimum_value,S01006506,S01006506,TRUE
DataZone2011Code,maximum_value,S01013481,S01013481,TRUE
DateOfDeletion,data_type,datetime2(3),datetime2(3),TRUE
DateOfDeletion,null_count,158274,158774,FALSE
DateOfDeletion,distinct_values,291,292,FALSE
DateOfDeletion,minimum_value,27851,27851,TRUE
DateOfDeletion,maximum_value,44029,44211,FALSE
DateOfIntroduction,data_type,datetime2(3),datetime2(3),TRUE
DateOfIntroduction,null_count,0,0,TRUE
DateOfIntroduction,distinct_values,468,470,FALSE
DateOfIntroduction,minimum_value,26755,26755,TRUE
DateOfIntroduction,maximum_value,44029,44223,FALSE
DeliveryPointCount,data_type,int,int,TRUE
DeliveryPointCount,null_count,0,0,TRUE
DeliveryPointCount,distinct_values,121,121,TRUE
DeliveryPointCount,minimum_value,0,0,TRUE
DeliveryPointCount,maximum_value,151,151,TRUE
DeliveryPointCountNonResidential,data_type,int,int,TRUE
DeliveryPointCountNonResidential,null_count,0,0,TRUE
DeliveryPointCountNonResidential,distinct_values,89,89,TRUE
DeliveryPointCountNonResidential,minimum_value,0,0,TRUE
DeliveryPointCountNonResidential,maximum_value,301,301,TRUE
ElectoralWard1995Code,data_type,int,int,TRUE
ElectoralWard1995Code,null_count,224174,224827,FALSE
ElectoralWard1995Code,distinct_values,0,0,TRUE
ElectoralWard1995Code,minimum_value,NULL,NULL,TRUE
ElectoralWard1995Code,maximum_value,NULL,NULL,TRUE
ElectoralWard2000Code,data_type,int,int,TRUE
ElectoralWard2000Code,null_count,224174,224827,FALSE
ElectoralWard2000Code,distinct_values,0,0,TRUE
ElectoralWard2000Code,minimum_value,NULL,NULL,TRUE
ElectoralWard2000Code,maximum_value,NULL,NULL,TRUE
ElectoralWard2011Code,data_type,char(9),char(9),TRUE
ElectoralWard2011Code,null_count,224174,224827,FALSE
ElectoralWard2011Code,distinct_values,0,0,TRUE
ElectoralWard2011Code,minimum_value,NULL,NULL,TRUE
ElectoralWard2011Code,maximum_value,NULL,NULL,TRUE
ElectoralWard2016Code,data_type,char(9),char(9),TRUE
ElectoralWard2016Code,null_count,224174,224827,FALSE
ElectoralWard2016Code,distinct_values,0,0,TRUE
ElectoralWard2016Code,minimum_value,NULL,NULL,TRUE
ElectoralWard2016Code,maximum_value,NULL,NULL,TRUE
ElectoralWard2018Code,data_type,char(9),char(9),TRUE
ElectoralWard2018Code,null_count,224174,224827,FALSE
ElectoralWard2018Code,distinct_values,0,0,TRUE
ElectoralWard2018Code,minimum_value,NULL,NULL,TRUE
ElectoralWard2018Code,maximum_value,NULL,NULL,TRUE
ElectoralWard2019Code,data_type,char(9),char(9),TRUE
ElectoralWard2019Code,null_count,0,0,TRUE
ElectoralWard2019Code,distinct_values,354,354,TRUE
ElectoralWard2019Code,minimum_value,S13002516,S13002516,TRUE
ElectoralWard2019Code,maximum_value,S13003134,S13003134,TRUE
EuropeanParlCon,data_type,int,int,TRUE
EuropeanParlCon,null_count,224174,224827,FALSE
EuropeanParlCon,distinct_values,0,0,TRUE
EuropeanParlCon,minimum_value,NULL,NULL,TRUE
EuropeanParlCon,maximum_value,NULL,NULL,TRUE
GridlinkCoordinateIndicator,data_type,char(1),char(1),TRUE
GridlinkCoordinateIndicator,null_count,224174,224827,FALSE
GridlinkCoordinateIndicator,distinct_values,0,0,TRUE
GridlinkCoordinateIndicator,minimum_value,NULL,NULL,TRUE
GridlinkCoordinateIndicator,maximum_value,NULL,NULL,TRUE
GridReferenceEasting,data_type,char(6),char(6),TRUE
GridReferenceEasting,null_count,0,0,TRUE
GridReferenceEasting,distinct_values,108502,108644,FALSE
GridReferenceEasting,minimum_value,100139,100139,TRUE
GridReferenceEasting,maximum_value,99862,99862,TRUE
GridReferenceNorthing,data_type,char(7),char(7),TRUE
GridReferenceNorthing,null_count,0,0,TRUE
GridReferenceNorthing,distinct_values,100728,100898,FALSE
GridReferenceNorthing,minimum_value,1000601,1000061,FALSE
GridReferenceNorthing,maximum_value,999700,999700,TRUE
HealthBoardArea1995Code,data_type,char(2),char(2),TRUE
HealthBoardArea1995Code,null_count,0,0,TRUE
HealthBoardArea1995Code,distinct_values,15,15,TRUE
HealthBoardArea1995Code,minimum_value,1,1,TRUE
HealthBoardArea1995Code,maximum_value,15,15,TRUE
HealthBoardArea2006Code,data_type,char(9),char(9),TRUE
HealthBoardArea2006Code,null_count,0,0,TRUE
HealthBoardArea2006Code,distinct_values,14,14,TRUE
HealthBoardArea2006Code,minimum_value,S08000001,S08000001,TRUE
HealthBoardArea2006Code,maximum_value,S08000014,S08000014,TRUE
HealthBoardArea2014Code,data_type,char(9),char(9),TRUE
HealthBoardArea2014Code,null_count,224174,224827,FALSE
HealthBoardArea2014Code,distinct_values,0,0,TRUE
HealthBoardArea2014Code,minimum_value,NULL,NULL,TRUE
HealthBoardArea2014Code,maximum_value,NULL,NULL,TRUE
HealthBoardArea2018Code,data_type,char(9),char(9),TRUE
HealthBoardArea2018Code,null_count,224174,224827,FALSE
HealthBoardArea2018Code,distinct_values,0,0,TRUE
HealthBoardArea2018Code,minimum_value,NULL,NULL,TRUE
HealthBoardArea2018Code,maximum_value,NULL,NULL,TRUE
HealthBoardArea2019Code,data_type,char(9),char(9),TRUE
HealthBoardArea2019Code,null_count,0,0,TRUE
HealthBoardArea2019Code,distinct_values,14,14,TRUE
HealthBoardArea2019Code,minimum_value,S08000015,S08000015,TRUE
HealthBoardArea2019Code,maximum_value,S08000032,S08000032,TRUE
HouseholdCount,data_type,int,int,TRUE
HouseholdCount,null_count,0,0,TRUE
HouseholdCount,distinct_values,124,125,FALSE
HouseholdCount,minimum_value,0,0,TRUE
HouseholdCount,maximum_value,683,683,TRUE
IntegrationAuthority2016Code,data_type,char(9),char(9),TRUE
IntegrationAuthority2016Code,null_count,224174,224827,FALSE
IntegrationAuthority2016Code,distinct_values,0,0,TRUE
IntegrationAuthority2016Code,minimum_value,NULL,NULL,TRUE
IntegrationAuthority2016Code,maximum_value,NULL,NULL,TRUE
IntegrationAuthority2018Code,data_type,char(9),char(9),TRUE
IntegrationAuthority2018Code,null_count,224174,224827,FALSE
IntegrationAuthority2018Code,distinct_values,0,0,TRUE
IntegrationAuthority2018Code,minimum_value,NULL,NULL,TRUE
IntegrationAuthority2018Code,maximum_value,NULL,NULL,TRUE
IntegrationAuthority2019Code,data_type,char(9),char(9),TRUE
IntegrationAuthority2019Code,null_count,0,0,TRUE
IntegrationAuthority2019Code,distinct_values,31,31,TRUE
IntegrationAuthority2019Code,minimum_value,S37000001,S37000001,TRUE
IntegrationAuthority2019Code,maximum_value,S37000035,S37000035,TRUE
IntermediateZone2001Code,data_type,char(9),char(9),TRUE
IntermediateZone2001Code,null_count,0,0,TRUE
IntermediateZone2001Code,distinct_values,1235,1235,TRUE
IntermediateZone2001Code,minimum_value,S02000001,S02000001,TRUE
IntermediateZone2001Code,maximum_value,S02001235,S02001235,TRUE
IntermediateZone2011Code,data_type,char(9),char(9),TRUE
IntermediateZone2011Code,null_count,0,0,TRUE
IntermediateZone2011Code,distinct_values,1279,1279,TRUE
IntermediateZone2011Code,minimum_value,S02001236,S02001236,TRUE
IntermediateZone2011Code,maximum_value,S02002514,S02002514,TRUE
Islands2014Code,data_type,char(3),char(3),TRUE
Islands2014Code,null_count,224174,224827,FALSE
Islands2014Code,distinct_values,0,0,TRUE
Islands2014Code,minimum_value,NULL,NULL,TRUE
Islands2014Code,maximum_value,NULL,NULL,TRUE
Islands2016Code,data_type,char(3),char(3),TRUE
Islands2016Code,null_count,224174,224827,FALSE
Islands2016Code,distinct_values,0,0,TRUE
Islands2016Code,minimum_value,NULL,NULL,TRUE
Islands2016Code,maximum_value,NULL,NULL,TRUE
Islands2020Code,data_type,char(3),char(3),TRUE
Islands2020Code,null_count,0,0,TRUE
Islands2020Code,distinct_values,57,57,TRUE
Islands2020Code,minimum_value,0,0,TRUE
Islands2020Code,maximum_value,158,158,TRUE
LAU2,data_type,char(9),char(9),TRUE
LAU2,null_count,224174,224827,FALSE
LAU2,distinct_values,0,0,TRUE
LAU2,minimum_value,NULL,NULL,TRUE
LAU2,maximum_value,NULL,NULL,TRUE
LAU2011Level1Code,data_type,char(9),char(9),TRUE
LAU2011Level1Code,null_count,224174,224827,FALSE
LAU2011Level1Code,distinct_values,0,0,TRUE
LAU2011Level1Code,minimum_value,NULL,NULL,TRUE
LAU2011Level1Code,maximum_value,NULL,NULL,TRUE
LAU2011Level2Code,data_type,char(9),char(9),TRUE
LAU2011Level2Code,null_count,224174,224827,FALSE
LAU2011Level2Code,distinct_values,0,0,TRUE
LAU2011Level2Code,minimum_value,NULL,NULL,TRUE
LAU2011Level2Code,maximum_value,NULL,NULL,TRUE
LAU2018Level1Code,data_type,char(9),char(9),TRUE
LAU2018Level1Code,null_count,224174,224827,FALSE
LAU2018Level1Code,distinct_values,0,0,TRUE
LAU2018Level1Code,minimum_value,NULL,NULL,TRUE
LAU2018Level1Code,maximum_value,NULL,NULL,TRUE
LAU2019Level1Code,data_type,char(9),char(9),TRUE
LAU2019Level1Code,null_count,0,0,TRUE
LAU2019Level1Code,distinct_values,41,41,TRUE
LAU2019Level1Code,minimum_value,S30000003,S30000003,TRUE
LAU2019Level1Code,maximum_value,S30000053,S30000053,TRUE
LinkedSmallUserPostcode,data_type,char(9),char(9),TRUE
LinkedSmallUserPostcode,null_count,0,0,TRUE
LinkedSmallUserPostcode,distinct_values,9130,9126,FALSE
LinkedSmallUserPostcode,minimum_value,NA,NA,TRUE
LinkedSmallUserPostcode,maximum_value,ZE2 9XP,ZE2 9XP,TRUE
LocalAuthority2DigitCode,data_type,char(2),char(2),TRUE
LocalAuthority2DigitCode,null_count,0,0,TRUE
LocalAuthority2DigitCode,distinct_values,32,32,TRUE
LocalAuthority2DigitCode,minimum_value,1,1,TRUE
LocalAuthority2DigitCode,maximum_value,32,32,TRUE
LocalAuthority3DigitCode,data_type,char(3),char(3),TRUE
LocalAuthority3DigitCode,null_count,0,0,TRUE
LocalAuthority3DigitCode,distinct_values,32,32,TRUE
LocalAuthority3DigitCode,minimum_value,100,100,TRUE
LocalAuthority3DigitCode,maximum_value,400,400,TRUE
LocalAuthorityName,data_type,varchar(50),varchar(50),TRUE
LocalAuthorityName,null_count,0,0,TRUE
LocalAuthorityName,distinct_values,32,32,TRUE
LocalAuthorityName,minimum_value,Aberdeen City,Aberdeen City,TRUE
LocalAuthorityName,maximum_value,West Lothian,West Lothian,TRUE
LocalEnterpriseCompany,data_type,char(9),char(9),TRUE
LocalEnterpriseCompany,null_count,224174,224827,FALSE
LocalEnterpriseCompany,distinct_values,0,0,TRUE
LocalEnterpriseCompany,minimum_value,NULL,NULL,TRUE
LocalEnterpriseCompany,maximum_value,NULL,NULL,TRUE
LocalGovernmentDistrict1991Code,data_type,char(2),char(2),TRUE
LocalGovernmentDistrict1991Code,null_count,0,0,TRUE
LocalGovernmentDistrict1991Code,distinct_values,56,56,TRUE
LocalGovernmentDistrict1991Code,minimum_value,1,1,TRUE
LocalGovernmentDistrict1991Code,maximum_value,56,56,TRUE
LocalGovernmentDistrict1995Code,data_type,char(2),char(2),TRUE
LocalGovernmentDistrict1995Code,null_count,0,0,TRUE
LocalGovernmentDistrict1995Code,distinct_values,56,56,TRUE
LocalGovernmentDistrict1995Code,minimum_value,1,1,TRUE
LocalGovernmentDistrict1995Code,maximum_value,56,56,TRUE
LocalGovernmentRegion1991Code,data_type,int,int,TRUE
LocalGovernmentRegion1991Code,null_count,224174,224827,FALSE
LocalGovernmentRegion1991Code,distinct_values,0,0,TRUE
LocalGovernmentRegion1991Code,minimum_value,NULL,NULL,TRUE
LocalGovernmentRegion1991Code,maximum_value,NULL,NULL,TRUE
LocalGovernmentRegion1995Code,data_type,int,int,TRUE
LocalGovernmentRegion1995Code,null_count,224174,224827,FALSE
LocalGovernmentRegion1995Code,distinct_values,0,0,TRUE
LocalGovernmentRegion1995Code,minimum_value,NULL,NULL,TRUE
LocalGovernmentRegion1995Code,maximum_value,NULL,NULL,TRUE
Locality1991Code,data_type,char(3),char(3),TRUE
Locality1991Code,null_count,224174,224827,FALSE
Locality1991Code,distinct_values,0,0,TRUE
Locality1991Code,minimum_value,NULL,NULL,TRUE
Locality1991Code,maximum_value,NULL,NULL,TRUE
Locality2001Code,data_type,char(6),char(6),TRUE
Locality2001Code,null_count,224174,224827,FALSE
Locality2001Code,distinct_values,0,0,TRUE
Locality2001Code,minimum_value,NULL,NULL,TRUE
Locality2001Code,maximum_value,NULL,NULL,TRUE
Locality2003Code,data_type,char(6),char(6),TRUE
Locality2003Code,null_count,224174,224827,FALSE
Locality2003Code,distinct_values,0,0,TRUE
Locality2003Code,minimum_value,NULL,NULL,TRUE
Locality2003Code,maximum_value,NULL,NULL,TRUE
Locality2004Code,data_type,char(6),char(6),TRUE
Locality2004Code,null_count,224174,224827,FALSE
Locality2004Code,distinct_values,0,0,TRUE
Locality2004Code,minimum_value,NULL,NULL,TRUE
Locality2004Code,maximum_value,NULL,NULL,TRUE
Locality2006Code,data_type,char(6),char(6),TRUE
Locality2006Code,null_count,224174,224827,FALSE
Locality2006Code,distinct_values,0,0,TRUE
Locality2006Code,minimum_value,NULL,NULL,TRUE
Locality2006Code,maximum_value,NULL,NULL,TRUE
Locality2008Code,data_type,char(6),char(6),TRUE
Locality2008Code,null_count,224174,224827,FALSE
Locality2008Code,distinct_values,0,0,TRUE
Locality2008Code,minimum_value,NULL,NULL,TRUE
Locality2008Code,maximum_value,NULL,NULL,TRUE
Locality2010Code,data_type,char(6),char(6),TRUE
Locality2010Code,null_count,224174,224827,FALSE
Locality2010Code,distinct_values,0,0,TRUE
Locality2010Code,minimum_value,NULL,NULL,TRUE
Locality2010Code,maximum_value,NULL,NULL,TRUE
Locality2012Code,data_type,char(6),char(6),TRUE
Locality2012Code,null_count,224174,224827,FALSE
Locality2012Code,distinct_values,0,0,TRUE
Locality2012Code,minimum_value,NULL,NULL,TRUE
Locality2012Code,maximum_value,NULL,NULL,TRUE
MultiMemberWard2007,data_type,int,int,TRUE
MultiMemberWard2007,null_count,224174,224827,FALSE
MultiMemberWard2007,distinct_values,0,0,TRUE
MultiMemberWard2007,minimum_value,NULL,NULL,TRUE
MultiMemberWard2007,maximum_value,NULL,NULL,TRUE
MultiStoreyAccomInd,data_type,char(1),char(1),TRUE
MultiStoreyAccomInd,null_count,224174,224827,FALSE
MultiStoreyAccomInd,distinct_values,0,0,TRUE
MultiStoreyAccomInd,minimum_value,NULL,NULL,TRUE
MultiStoreyAccomInd,maximum_value,NULL,NULL,TRUE
NationalPark,data_type,int,int,TRUE
NationalPark,null_count,224174,224827,FALSE
NationalPark,distinct_values,0,0,TRUE
NationalPark,minimum_value,NULL,NULL,TRUE
NationalPark,maximum_value,NULL,NULL,TRUE
NUTS,data_type,char(5),char(5),TRUE
NUTS,null_count,224174,224827,FALSE
NUTS,distinct_values,0,0,TRUE
NUTS,minimum_value,NULL,NULL,TRUE
NUTS,maximum_value,NULL,NULL,TRUE
NUTS2013Level2Code,data_type,char(4),char(4),TRUE
NUTS2013Level2Code,null_count,224174,224827,FALSE
NUTS2013Level2Code,distinct_values,0,0,TRUE
NUTS2013Level2Code,minimum_value,NULL,NULL,TRUE
NUTS2013Level2Code,maximum_value,NULL,NULL,TRUE
NUTS2013Level3Code,data_type,char(5),char(5),TRUE
NUTS2013Level3Code,null_count,224174,224827,FALSE
NUTS2013Level3Code,distinct_values,0,0,TRUE
NUTS2013Level3Code,minimum_value,NULL,NULL,TRUE
NUTS2013Level3Code,maximum_value,NULL,NULL,TRUE
NUTS2018Level2Code,data_type,char(4),char(4),TRUE
NUTS2018Level2Code,null_count,0,0,TRUE
NUTS2018Level2Code,distinct_values,5,5,TRUE
NUTS2018Level2Code,minimum_value,UKM5,UKM5,TRUE
NUTS2018Level2Code,maximum_value,UKM9,UKM9,TRUE
NUTS2018Level3Code,data_type,char(5),char(5),TRUE
NUTS2018Level3Code,null_count,0,0,TRUE
NUTS2018Level3Code,distinct_values,23,23,TRUE
NUTS2018Level3Code,minimum_value,UKM50,UKM50,TRUE
NUTS2018Level3Code,maximum_value,UKM95,UKM95,TRUE
OutputArea1991Code,data_type,char(9),char(9),TRUE
OutputArea1991Code,null_count,0,0,TRUE
OutputArea1991Code,distinct_values,35843,35843,TRUE
OutputArea1991Code,minimum_value,5601AB02,5601AB02,TRUE
OutputArea1991Code,maximum_value,6756AK12,6756AK12,TRUE
OutputArea2001Code,data_type,char(9),char(9),TRUE
OutputArea2001Code,null_count,0,0,TRUE
OutputArea2001Code,distinct_values,41466,41465,FALSE
OutputArea2001Code,minimum_value,S00000002,S00000002,TRUE
OutputArea2001Code,maximum_value,S00042604,S00042604,TRUE
OutputArea2011Code,data_type,char(9),char(9),TRUE
OutputArea2011Code,null_count,0,0,TRUE
OutputArea2011Code,distinct_values,46330,46329,FALSE
OutputArea2011Code,minimum_value,S00088956,S00088956,TRUE
OutputArea2011Code,maximum_value,S00135306,S00135306,TRUE
Postcod1,data_type,char(4),char(4),TRUE
Postcod1,null_count,224174,224827,FALSE
Postcod1,distinct_values,0,0,TRUE
Postcod1,minimum_value,NULL,NULL,TRUE
Postcod1,maximum_value,NULL,NULL,TRUE
Postcod2,data_type,char(4),char(4),TRUE
Postcod2,null_count,224174,224827,FALSE
Postcod2,distinct_values,0,0,TRUE
Postcod2,minimum_value,NULL,NULL,TRUE
Postcod2,maximum_value,NULL,NULL,TRUE
Postcode,data_type,char(9),char(9),TRUE
Postcode,null_count,0,0,TRUE
Postcode,distinct_values,224174,224827,FALSE
Postcode,minimum_value,AB1 0AA,AB1 0AA,TRUE
Postcode,maximum_value,ZE3 9XP,ZE3 9XP,TRUE
PostcodeCompressed,data_type,char(8),char(8),TRUE
PostcodeCompressed,null_count,0,0,TRUE
PostcodeCompressed,distinct_values,224174,224827,FALSE
PostcodeCompressed,minimum_value,AB101AA,AB101AA,TRUE
PostcodeCompressed,maximum_value,ZE39XP,ZE39XP,TRUE
PostcodeDistrict,data_type,char(4),char(4),TRUE
PostcodeDistrict,null_count,0,0,TRUE
PostcodeDistrict,distinct_values,478,478,TRUE
PostcodeDistrict,minimum_value,AB1,AB1,TRUE
PostcodeDistrict,maximum_value,ZE3,ZE3,TRUE
PostcodeSector,data_type,char(6),char(6),TRUE
PostcodeSector,null_count,0,0,TRUE
PostcodeSector,distinct_values,1281,1281,TRUE
PostcodeSector,minimum_value,AB1 0,AB1 0,TRUE
PostcodeSector,maximum_value,ZE3 9,ZE3 9,TRUE
PostcodeType,data_type,char(1),char(1),TRUE
PostcodeType,null_count,0,0,TRUE
PostcodeType,distinct_values,2,2,TRUE
PostcodeType,minimum_value,L,L,TRUE
PostcodeType,maximum_value,S,S,TRUE
PostcodeUnit,data_type,char(9),char(9),TRUE
PostcodeUnit,null_count,0,0,TRUE
PostcodeUnit,distinct_values,224174,224827,FALSE
PostcodeUnit,minimum_value,AB1 0AA,AB1 0AA,TRUE
PostcodeUnit,maximum_value,ZE3 9XP,ZE3 9XP,TRUE
REDDW,data_type,int,int,TRUE
REDDW,null_count,224174,224827,FALSE
REDDW,distinct_values,0,0,TRUE
REDDW,minimum_value,NULL,NULL,TRUE
REDDW,maximum_value,NULL,NULL,TRUE
RegistrationDistrict2007Code,data_type,char(9),char(9),TRUE
RegistrationDistrict2007Code,null_count,0,0,TRUE
RegistrationDistrict2007Code,distinct_values,32,32,TRUE
RegistrationDistrict2007Code,minimum_value,S12000005,S12000005,TRUE
RegistrationDistrict2007Code,maximum_value,S12000050,S12000050,TRUE
RegOutcomeAreaCPP,data_type,char(9),char(9),TRUE
RegOutcomeAreaCPP,null_count,224174,224827,FALSE
RegOutcomeAreaCPP,distinct_values,0,0,TRUE
RegOutcomeAreaCPP,minimum_value,NULL,NULL,TRUE
RegOutcomeAreaCPP,maximum_value,NULL,NULL,TRUE
RegOutcomeAreaLOC,data_type,char(9),char(9),TRUE
RegOutcomeAreaLOC,null_count,224174,224827,FALSE
RegOutcomeAreaLOC,distinct_values,0,0,TRUE
RegOutcomeAreaLOC,minimum_value,NULL,NULL,TRUE
RegOutcomeAreaLOC,maximum_value,NULL,NULL,TRUE
RowComments,data_type,varchar(100),varchar(100),TRUE
RowComments,null_count,0,0,TRUE
RowComments,distinct_values,1,1,TRUE
RowComments,minimum_value,The data is based on the July 2020 release of Royal Mail's Postal Address File (PAF).,The data is based on the January 2021 release of Royal Mail's Postal Address File (PAF).,FALSE
RowComments,maximum_value,The data is based on the July 2020 release of Royal Mail's Postal Address File (PAF).,The data is based on the January 2021 release of Royal Mail's Postal Address File (PAF).,FALSE
RowIsCurrent,data_type,char(1),char(1),TRUE
RowIsCurrent,null_count,0,0,TRUE
RowIsCurrent,distinct_values,1,1,TRUE
RowIsCurrent,minimum_value,N,Y,FALSE
RowIsCurrent,maximum_value,N,Y,FALSE
RowValidFrom,data_type,datetime2(3),datetime2(3),TRUE
RowValidFrom,null_count,0,0,TRUE
RowValidFrom,distinct_values,1,1,TRUE
RowValidFrom,minimum_value,44013,44197,FALSE
RowValidFrom,maximum_value,44013,44197,FALSE
RowValidTo,data_type,datetime2(3),datetime2(3),TRUE
RowValidTo,null_count,0,0,TRUE
RowValidTo,distinct_values,1,1,TRUE
RowValidTo,minimum_value,44196.999999988424,2958465,FALSE
RowValidTo,maximum_value,44196.999999988424,2958465,FALSE
ScottishIndexofMultiDeprivat2012,data_type,char(4),char(4),TRUE
ScottishIndexofMultiDeprivat2012,null_count,224174,224827,FALSE
ScottishIndexofMultiDeprivat2012,distinct_values,0,0,TRUE
ScottishIndexofMultiDeprivat2012,minimum_value,NULL,NULL,TRUE
ScottishIndexofMultiDeprivat2012,maximum_value,NULL,NULL,TRUE
ScottishIndexofMultiDeprivat2016,data_type,char(4),char(4),TRUE
ScottishIndexofMultiDeprivat2016,null_count,224174,224827,FALSE
ScottishIndexofMultiDeprivat2016,distinct_values,0,0,TRUE
ScottishIndexofMultiDeprivat2016,minimum_value,NULL,NULL,TRUE
ScottishIndexofMultiDeprivat2016,maximum_value,NULL,NULL,TRUE
ScottishIndexofMultiDeprivat2020,data_type,char(4),char(4),TRUE
ScottishIndexofMultiDeprivat2020,null_count,0,0,TRUE
ScottishIndexofMultiDeprivat2020,distinct_values,6976,6976,TRUE
ScottishIndexofMultiDeprivat2020,minimum_value,1,1,TRUE
ScottishIndexofMultiDeprivat2020,maximum_value,6976,6976,TRUE
ScottishParlCon,data_type,char(2),char(2),TRUE
ScottishParlCon,null_count,224174,224827,FALSE
ScottishParlCon,distinct_values,0,0,TRUE
ScottishParlCon,minimum_value,NULL,NULL,TRUE
ScottishParlCon,maximum_value,NULL,NULL,TRUE
ScottishParlCon0507,data_type,char(9),char(9),TRUE
ScottishParlCon0507,null_count,224174,224827,FALSE
ScottishParlCon0507,distinct_values,0,0,TRUE
ScottishParlCon0507,minimum_value,NULL,NULL,TRUE
ScottishParlCon0507,maximum_value,NULL,NULL,TRUE
ScottishParlCon0511,data_type,char(9),char(9),TRUE
ScottishParlCon0511,null_count,224174,224827,FALSE
ScottishParlCon0511,distinct_values,0,0,TRUE
ScottishParlCon0511,minimum_value,NULL,NULL,TRUE
ScottishParlCon0511,maximum_value,NULL,NULL,TRUE
ScottishParlConstituency2014Code,data_type,char(9),char(9),TRUE
ScottishParlConstituency2014Code,null_count,0,0,TRUE
ScottishParlConstituency2014Code,distinct_values,73,73,TRUE
ScottishParlConstituency2014Code,minimum_value,S16000074,S16000074,TRUE
ScottishParlConstituency2014Code,maximum_value,S16000148,S16000148,TRUE
ScottishParlRegion,data_type,char(2),char(2),TRUE
ScottishParlRegion,null_count,224174,224827,FALSE
ScottishParlRegion,distinct_values,0,0,TRUE
ScottishParlRegion,minimum_value,NULL,NULL,TRUE
ScottishParlRegion,maximum_value,NULL,NULL,TRUE
ScottishParlRegion0507,data_type,char(9),char(9),TRUE
ScottishParlRegion0507,null_count,224174,224827,FALSE
ScottishParlRegion0507,distinct_values,0,0,TRUE
ScottishParlRegion0507,minimum_value,NULL,NULL,TRUE
ScottishParlRegion0507,maximum_value,NULL,NULL,TRUE
ScottishParlRegion0511,data_type,char(9),char(9),TRUE
ScottishParlRegion0511,null_count,224174,224827,FALSE
ScottishParlRegion0511,distinct_values,0,0,TRUE
ScottishParlRegion0511,minimum_value,NULL,NULL,TRUE
ScottishParlRegion0511,maximum_value,NULL,NULL,TRUE
ScottishParlRegion2014Code,data_type,char(9),char(9),TRUE
ScottishParlRegion2014Code,null_count,0,0,TRUE
ScottishParlRegion2014Code,distinct_values,8,8,TRUE
ScottishParlRegion2014Code,minimum_value,S17000009,S17000009,TRUE
ScottishParlRegion2014Code,maximum_value,S17000018,S17000018,TRUE
Settlement2001Code,data_type,char(3),char(3),TRUE
Settlement2001Code,null_count,224174,224827,FALSE
Settlement2001Code,distinct_values,0,0,TRUE
Settlement2001Code,minimum_value,NULL,NULL,TRUE
Settlement2001Code,maximum_value,NULL,NULL,TRUE
Settlement2003Code,data_type,char(3),char(3),TRUE
Settlement2003Code,null_count,224174,224827,FALSE
Settlement2003Code,distinct_values,0,0,TRUE
Settlement2003Code,minimum_value,NULL,NULL,TRUE
Settlement2003Code,maximum_value,NULL,NULL,TRUE
Settlement2004Code,data_type,char(3),char(3),TRUE
Settlement2004Code,null_count,224174,224827,FALSE
Settlement2004Code,distinct_values,0,0,TRUE
Settlement2004Code,minimum_value,NULL,NULL,TRUE
Settlement2004Code,maximum_value,NULL,NULL,TRUE
Settlement2006Code,data_type,char(3),char(3),TRUE
Settlement2006Code,null_count,224174,224827,FALSE
Settlement2006Code,distinct_values,0,0,TRUE
Settlement2006Code,minimum_value,NULL,NULL,TRUE
Settlement2006Code,maximum_value,NULL,NULL,TRUE
Settlement2008Code,data_type,char(3),char(3),TRUE
Settlement2008Code,null_count,224174,224827,FALSE
Settlement2008Code,distinct_values,0,0,TRUE
Settlement2008Code,minimum_value,NULL,NULL,TRUE
Settlement2008Code,maximum_value,NULL,NULL,TRUE
Settlement2010Code,data_type,char(3),char(3),TRUE
Settlement2010Code,null_count,224174,224827,FALSE
Settlement2010Code,distinct_values,0,0,TRUE
Settlement2010Code,minimum_value,NULL,NULL,TRUE
Settlement2010Code,maximum_value,NULL,NULL,TRUE
Settlement2012Code,data_type,char(3),char(3),TRUE
Settlement2012Code,null_count,224174,224827,FALSE
Settlement2012Code,distinct_values,0,0,TRUE
Settlement2012Code,minimum_value,NULL,NULL,TRUE
Settlement2012Code,maximum_value,NULL,NULL,TRUE
ShelteredHousingAccomInd,data_type,char(1),char(1),TRUE
ShelteredHousingAccomInd,null_count,224174,224827,FALSE
ShelteredHousingAccomInd,distinct_values,0,0,TRUE
ShelteredHousingAccomInd,minimum_value,NULL,NULL,TRUE
ShelteredHousingAccomInd,maximum_value,NULL,NULL,TRUE
SheriffCourtDistrict,data_type,int,int,TRUE
SheriffCourtDistrict,null_count,224174,224827,FALSE
SheriffCourtDistrict,distinct_values,0,0,TRUE
SheriffCourtDistrict,minimum_value,NULL,NULL,TRUE
SheriffCourtDistrict,maximum_value,NULL,NULL,TRUE
SIMD,data_type,char(4),char(4),TRUE
SIMD,null_count,224174,224827,FALSE
SIMD,distinct_values,0,0,TRUE
SIMD,minimum_value,NULL,NULL,TRUE
SIMD,maximum_value,NULL,NULL,TRUE
SourceReleaseVersion,data_type,varchar(10),varchar(10),TRUE
SourceReleaseVersion,null_count,0,0,TRUE
SourceReleaseVersion,distinct_values,1,1,TRUE
SourceReleaseVersion,minimum_value,2020-2,2021-1,FALSE
SourceReleaseVersion,maximum_value,2020-2,2021-1,FALSE
Splitare,data_type,char(1),char(1),TRUE
Splitare,null_count,224174,224827,FALSE
Splitare,distinct_values,0,0,TRUE
Splitare,minimum_value,NULL,NULL,TRUE
Splitare,maximum_value,NULL,NULL,TRUE
SplitIndicator,data_type,char(1),char(1),TRUE
SplitIndicator,null_count,0,0,TRUE
SplitIndicator,distinct_values,2,2,TRUE
SplitIndicator,minimum_value,N,N,TRUE
SplitIndicator,maximum_value,Y,Y,TRUE
StrategicDevelopPlanningArea2013,data_type,char(9),char(9),TRUE
StrategicDevelopPlanningArea2013,null_count,0,0,TRUE
StrategicDevelopPlanningArea2013,distinct_values,5,5,TRUE
StrategicDevelopPlanningArea2013,minimum_value,NA,NA,TRUE
StrategicDevelopPlanningArea2013,maximum_value,S11000005,S11000005,TRUE
StudentAccomInd,data_type,char(1),char(1),TRUE
StudentAccomInd,null_count,224174,224827,FALSE
StudentAccomInd,distinct_values,0,0,TRUE
StudentAccomInd,minimum_value,NULL,NULL,TRUE
StudentAccomInd,maximum_value,NULL,NULL,TRUE
TravelToWorkArea2011Code,data_type,char(9),char(9),TRUE
TravelToWorkArea2011Code,null_count,0,0,TRUE
TravelToWorkArea2011Code,distinct_values,47,47,TRUE
TravelToWorkArea2011Code,minimum_value,K01000009,K01000009,TRUE
TravelToWorkArea2011Code,maximum_value,S22000086,S22000086,TRUE
UKParlConstituency2005Code,data_type,char(9),char(9),TRUE
UKParlConstituency2005Code,null_count,0,0,TRUE
UKParlConstituency2005Code,distinct_values,59,59,TRUE
UKParlConstituency2005Code,minimum_value,S14000001,S14000001,TRUE
UKParlConstituency2005Code,maximum_value,S14000059,S14000059,TRUE
UrbanRural6Fold2011_2012Code,data_type,char(1),char(1),TRUE
UrbanRural6Fold2011_2012Code,null_count,224174,224827,FALSE
UrbanRural6Fold2011_2012Code,distinct_values,0,0,TRUE
UrbanRural6Fold2011_2012Code,minimum_value,NULL,NULL,TRUE
UrbanRural6Fold2011_2012Code,maximum_value,NULL,NULL,TRUE
UrbanRural6Fold2013_2014Code,data_type,char(1),char(1),TRUE
UrbanRural6Fold2013_2014Code,null_count,224174,224827,FALSE
UrbanRural6Fold2013_2014Code,distinct_values,0,0,TRUE
UrbanRural6Fold2013_2014Code,minimum_value,NULL,NULL,TRUE
UrbanRural6Fold2013_2014Code,maximum_value,NULL,NULL,TRUE
UrbanRural6Fold2016Code,data_type,char(1),char(1),TRUE
UrbanRural6Fold2016Code,null_count,0,0,TRUE
UrbanRural6Fold2016Code,distinct_values,6,6,TRUE
UrbanRural6Fold2016Code,minimum_value,1,1,TRUE
UrbanRural6Fold2016Code,maximum_value,6,6,TRUE
UrbanRural8Fold2011_2012Code,data_type,char(1),char(1),TRUE
UrbanRural8Fold2011_2012Code,null_count,224174,224827,FALSE
UrbanRural8Fold2011_2012Code,distinct_values,0,0,TRUE
UrbanRural8Fold2011_2012Code,minimum_value,NULL,NULL,TRUE
UrbanRural8Fold2011_2012Code,maximum_value,NULL,NULL,TRUE
UrbanRural8Fold2013_2014Code,data_type,char(1),char(1),TRUE
UrbanRural8Fold2013_2014Code,null_count,224174,224827,FALSE
UrbanRural8Fold2013_2014Code,distinct_values,0,0,TRUE
UrbanRural8Fold2013_2014Code,minimum_value,NULL,NULL,TRUE
UrbanRural8Fold2013_2014Code,maximum_value,NULL,NULL,TRUE
UrbanRural8Fold2016Code,data_type,char(1),char(1),TRUE
UrbanRural8Fold2016Code,null_count,0,0,TRUE
UrbanRural8Fold2016Code,distinct_values,8,8,TRUE
UrbanRural8Fold2016Code,minimum_value,1,1,TRUE
UrbanRural8Fold2016Code,maximum_value,8,8,TRUE
WestminsterParlCon,data_type,char(2),char(2),TRUE
WestminsterParlCon,null_count,224174,224827,FALSE
WestminsterParlCon,distinct_values,0,0,TRUE
WestminsterParlCon,minimum_value,NULL,NULL,TRUE
WestminsterParlCon,maximum_value,NULL,NULL,TRUE
